{"Train Loss": 7556.615192010219, "Val Loss": 1381.3026505035607, "Learning Rate": 1.220703125e-08, "_timestamp": 1725906244.1102846, "_runtime": 538.3949816226959, "_step": 99, "_wandb": {"runtime": 537}}