{"Train Loss": 5947.386265636949, "Val Loss": 756.0121445230076, "Learning Rate": 1.953125e-07, "_timestamp": 1724079489.5120015, "_runtime": 1059.3262515068054, "_step": 99, "_wandb": {"runtime": 1058}}