{"Train Loss": 5918.046582825589, "Val Loss": 775.2871957761901, "Learning Rate": 1.953125e-07, "_timestamp": 1725708703.1001463, "_runtime": 1475.4398653507233, "_step": 99, "_wandb": {"runtime": 1474}}