{"Train Loss": 7436.049174341662, "Val Loss": 1361.1412918908256, "Learning Rate": 2.5e-05, "_timestamp": 1725697723.2003036, "_runtime": 328.9192135334015, "_step": 20, "_wandb": {"runtime": 331}}