{"Train Loss": 897.212020563412, "Val Loss": 806579.4829355498, "_timestamp": 1719750228.6786625, "_runtime": 175.53957152366638, "_step": 16, "_wandb": {"runtime": 181}}