{"Train Loss": 7913.180066067332, "Val Loss": 1445.3865427030187, "Learning Rate": 2.44140625e-08, "_timestamp": 1725905692.4058022, "_runtime": 532.8197612762451, "_step": 99, "_wandb": {"runtime": 530}}