{"Train Loss": 6799.378165409483, "Val Loss": 1112.2747526622954, "Learning Rate": 1.25e-05, "_timestamp": 1725899351.1855621, "_runtime": 584.0832872390747, "_step": 18, "_wandb": {"runtime": 607}}