{"Train Loss": 8104.069075448172, "Val Loss": 1011.7098914555141, "Learning Rate": 2.44140625e-07, "_timestamp": 1723103790.8302872, "_runtime": 354.83636713027954, "_step": 197, "_wandb": {"runtime": 353}}