{"Train Loss": 6334.584916154057, "Val Loss": 783.0695406879697, "Learning Rate": 7.8125e-07, "_timestamp": 1725699360.0512745, "_runtime": 1580.6170074939728, "_step": 99, "_wandb": {"runtime": 1579}}