{"Train Loss": 0.01039746369062057, "Val Loss": 0.22909788757322297, "Learning Rate": 3.90625e-05, "_timestamp": 1730032013.9501927, "_runtime": 501.849880695343, "_step": 99, "_wandb": {"runtime": 501}}