{"Train Loss": 67.180494873967, "Val Loss": 92.07854387837071, "Learning Rate": 0.000125, "_timestamp": 1730122872.1955342, "_runtime": 315.57076811790466, "_step": 81, "_wandb": {"runtime": 315}}