{"Train Loss": 7652.360253865515, "Val Loss": 1117.5841803518283, "Learning Rate": 1.220703125e-08, "_timestamp": 1725807383.5904498, "_runtime": 3182.191257715225, "_step": 99, "_wandb": {"runtime": 3181}}