{"Train Loss": 5915.265453096757, "Val Loss": 763.1381968089512, "Learning Rate": 3.90625e-07, "_timestamp": 1724076675.2446206, "_runtime": 549.0012664794922, "_step": 99, "_wandb": {"runtime": 548}}