{"Train Loss": 0.031305867166949344, "Val Loss": 0.02747179752669961, "_timestamp": 1720271793.885492, "_runtime": 1218.5000422000885, "_step": 35, "_wandb": {"runtime": 1232}}