{"Train Loss": 0.023996946165684766, "Val Loss": 0.027107047260385042, "_timestamp": 1719912792.409714, "_runtime": 6477.738786935806, "_step": 199, "_wandb": {"runtime": 6476}}