{"Train Loss": 7767.475154414193, "Val Loss": 1440.4268512336575, "Learning Rate": 1.220703125e-08, "_timestamp": 1725904617.8924499, "_runtime": 415.7766478061676, "_step": 99, "_wandb": {"runtime": 415}}