{"Train Loss": 8592.702618455727, "Val Loss": 1252.355791602816, "Learning Rate": 1e-05, "_timestamp": 1722928847.6671872, "_runtime": 1729.88783121109, "_step": 299, "_wandb": {"runtime": 1728}}