{"Train Loss": 7744.750883855597, "Val Loss": 855.9908269765426, "Learning Rate": 4.8828125e-08, "_timestamp": 1722861624.6579297, "_runtime": 1382.185953617096, "_step": 256, "_wandb": {"runtime": 1382}}