{"Train Loss": 79.2767859224099, "Val Loss": 97.58918614541331, "Learning Rate": 0.0001, "_timestamp": 1730107461.183299, "_runtime": 173.27482509613037, "_step": 99, "_wandb": {"runtime": 172}}