{"Train Loss": 7567.4254696244525, "Val Loss": 1399.0606602260045, "Learning Rate": 3.125e-06, "_timestamp": 1725897456.37465, "_runtime": 221.97822403907776, "_step": 49, "_wandb": {"runtime": 221}}