{"Train Loss": 0.03630051784381797, "Val Loss": 0.029588851651966702, "_timestamp": 1719928488.766586, "_runtime": 10886.65747499466, "_step": 299, "_wandb": {"runtime": 10885}}