{"Train Loss": 0.09897069955023668, "Val Loss": 0.07292471670523701, "_timestamp": 1720345999.5381923, "_runtime": 456.7963123321533, "_step": 37, "_wandb": {"runtime": 467}}