{"Train Loss": 0.06823350286962998, "Val Loss": 0.2800349566724993, "Learning Rate": 0.005, "_timestamp": 1730030346.8177097, "_runtime": 6.578629732131958, "_step": 1, "_wandb": {"runtime": 5}}