{"Train Loss": 7652.06255906628, "Val Loss": 1131.1149613776174, "Learning Rate": 1.220703125e-08, "_timestamp": 1725879554.570365, "_runtime": 1130.7018439769745, "_step": 99, "_wandb": {"runtime": 1129}}