{"Train Loss": 8150.543043567288, "Val Loss": 1683.7539004371279, "Learning Rate": 0.0001, "_timestamp": 1725790032.1636357, "_runtime": 1376.4246897697449, "_step": 9, "_wandb": {"runtime": 1426}}