{"Train Loss": 169.27435771427207, "Val Loss": 528.5967599762356, "_timestamp": 1720516425.2666123, "_runtime": 1797.7539412975311, "_step": 99, "_wandb": {"runtime": 1796}}