{"Train Loss": 0.03478654970281044, "Val Loss": 0.036441083514528766, "_timestamp": 1719905707.2543585, "_runtime": 1287.7269926071167, "_step": 117, "_wandb": {"runtime": 1287}}