{"Train Loss": 7661.728778164432, "Val Loss": 1123.1960602844654, "Learning Rate": 3.125e-06, "_timestamp": 1725894915.4923348, "_runtime": 441.2629647254944, "_step": 36, "_wandb": {"runtime": 448}}