{"Train Loss": 7723.359149597643, "Val Loss": 860.1343675989683, "Learning Rate": 3.125e-06, "_timestamp": 1725896422.424617, "_runtime": 591.3754370212555, "_step": 49, "_wandb": {"runtime": 590}}