{"Train Loss": 150.3999510135423, "Val Loss": 327.4859641079227, "_timestamp": 1720514523.9386218, "_runtime": 1557.544383764267, "_step": 71, "_wandb": {"runtime": 1569}}