{"Train Loss": 7651.089222807243, "Val Loss": 1123.7059116493276, "Learning Rate": 1.220703125e-08, "_timestamp": 1725892450.9867167, "_runtime": 2258.441039800644, "_step": 99, "_wandb": {"runtime": 2257}}