{"Train Loss": 7625.128036549942, "Val Loss": 1134.4883451915923, "Learning Rate": 1.220703125e-08, "_timestamp": 1725785675.7238314, "_runtime": 1300.17445230484, "_step": 99, "_wandb": {"runtime": 1299}}