{"Train Loss": 8342.212024143764, "Val Loss": 1124.1139950071063, "Learning Rate": 1e-05, "_timestamp": 1723108911.0761967, "_runtime": 3614.4135246276855, "_step": 1999, "_wandb": {"runtime": 3613}}