{"Train Loss": 8076.175443825387, "Val Loss": 1641.821464694276, "Learning Rate": 0.0001, "_timestamp": 1725788371.2281437, "_runtime": 556.2706356048584, "_step": 3, "_wandb": {"runtime": 645}}