{"Train Loss": 6787.54902660807, "Val Loss": 970.0587942940848, "Learning Rate": 1.220703125e-08, "_timestamp": 1725804188.4387758, "_runtime": 268.1810338497162, "_step": 99, "_wandb": {"runtime": 267}}