{"Train Loss": 0.026732565405852508, "Val Loss": 0.026925840792254966, "_timestamp": 1720014333.087255, "_runtime": 9399.593800067902, "_step": 299, "_wandb": {"runtime": 9398}}