{"Train Loss": 6414.961998367734, "Val Loss": 749.5210996866226, "Learning Rate": 2.5e-05, "_timestamp": 1724074011.8817122, "_runtime": 447.28842210769653, "_step": 99, "_wandb": {"runtime": 446}}