{"Train Loss": 0.008776901675921739, "Val Loss": 0.21988149705312907, "Learning Rate": 3.90625e-05, "_timestamp": 1730031002.3393328, "_runtime": 239.37069177627563, "_step": 99, "_wandb": {"runtime": 238}}