{"Train Loss": 7756.944910034587, "Val Loss": 1443.4918376896658, "Learning Rate": 1.5625e-06, "_timestamp": 1725901744.4434936, "_runtime": 173.61824655532837, "_step": 42, "_wandb": {"runtime": 173}}