{"Train Loss": 0.056713526015492836, "Val Loss": 0.32518508862103185, "Learning Rate": 0.005, "_timestamp": 1730030311.917723, "_runtime": 7.124248027801514, "_step": 1, "_wandb": {"runtime": 6}}