{"Train Loss": 8189.25455502859, "Val Loss": 1050.1250534738813, "Learning Rate": 0.0001, "_timestamp": 1724052447.7558508, "_runtime": 470.5503706932068, "_step": 69, "_wandb": {"runtime": 470}}