{"Train Loss": 68.84589767456055, "Val Loss": 88.27127075195312, "Learning Rate": 0.000625, "_timestamp": 1730116117.0943472, "_runtime": 294.98830223083496, "_step": 299, "_wandb": {"runtime": 294}}