{"Train Loss": 70.62491861979167, "Val Loss": 90.90199025472005, "Learning Rate": 0.00125, "_timestamp": 1730122038.8024545, "_runtime": 112.94377541542053, "_step": 99, "_wandb": {"runtime": 112}}