{"Train Loss": 0.011016051930810638, "Val Loss": 0.2294785468388469, "Learning Rate": 3.90625e-05, "_timestamp": 1730030750.2557938, "_runtime": 199.13270783424377, "_step": 99, "_wandb": {"runtime": 198}}