{"Train Loss": 7777.78987829359, "Val Loss": 942.0801518985203, "Learning Rate": 1.5625e-06, "_timestamp": 1724055089.335169, "_runtime": 1215.8601529598236, "_step": 199, "_wandb": {"runtime": 1214}}