{"Train Loss": 44.284038066864014, "Val Loss": 78.1042963663737, "Learning Rate": 0.00125, "_timestamp": 1730114804.9799588, "_runtime": 93.05779767036438, "_step": 149, "_wandb": {"runtime": 91}}