{"Train Loss": 7626.156936662481, "Val Loss": 1133.829326811291, "Learning Rate": 1.220703125e-08, "_timestamp": 1725783823.7185385, "_runtime": 1462.0610485076904, "_step": 99, "_wandb": {"runtime": 1461}}