{"Train Loss": 0.02713352142367135, "Val Loss": 0.026886943224952487, "_timestamp": 1720004867.6662486, "_runtime": 3251.231766462326, "_step": 110, "_wandb": {"runtime": 3273}}