{"Train Loss": 8191.554524830106, "Val Loss": 1020.1214543751308, "Learning Rate": 0.0001, "_timestamp": 1724050404.2674394, "_runtime": 784.5391693115234, "_step": 128, "_wandb": {"runtime": 788}}