{"Train Loss": 9146.947323390415, "Val Loss": 1621.1451982770648, "Learning Rate": 6.25e-08, "_timestamp": 1723105275.2925012, "_runtime": 57.65684223175049, "_step": 30, "_wandb": {"runtime": 57}}