{"Train Loss": 302.13282413805945, "Val Loss": 299.45624004747935, "_timestamp": 1720352301.9006646, "_runtime": 1395.776570558548, "_step": 140, "_wandb": {"runtime": 1395}}