{"Train Loss": 266.4454029579657, "Val Loss": 228.78331756952355, "_timestamp": 1719917547.0552332, "_runtime": 303.0099983215332, "_step": 7, "_wandb": {"runtime": 319}}