{"Train Loss": 89.1872319743861, "Val Loss": 103.2886957968435, "Learning Rate": 5e-05, "_timestamp": 1730107849.8872206, "_runtime": 179.31489658355713, "_step": 99, "_wandb": {"runtime": 178}}