{"Train Loss": 66.14244383994979, "Val Loss": 92.11168060302734, "Learning Rate": 7.8125e-06, "_timestamp": 1730122516.4373436, "_runtime": 363.42813062667847, "_step": 169, "_wandb": {"runtime": 362}}