{"Train Loss": 7656.218557661182, "Val Loss": 1135.1742759237484, "Learning Rate": 1.220703125e-08, "_timestamp": 1725882422.8068306, "_runtime": 1114.0849385261536, "_step": 99, "_wandb": {"runtime": 1112}}