{"Train Loss": 6633.080658468177, "Val Loss": 1216.1863545349665, "Learning Rate": 1.220703125e-08, "_timestamp": 1724058583.5008786, "_runtime": 611.6324286460876, "_step": 199, "_wandb": {"runtime": 610}}