{"Train Loss": 7655.934341583422, "Val Loss": 1134.891689378388, "Learning Rate": 1.220703125e-08, "_timestamp": 1725803904.325825, "_runtime": 610.185240983963, "_step": 99, "_wandb": {"runtime": 609}}