{"Train Loss": 0.0075508855451740815, "Val Loss": 0.22086216978007747, "Learning Rate": 0.00015625, "_timestamp": 1730031500.460868, "_runtime": 239.44997191429138, "_step": 99, "_wandb": {"runtime": 238}}