{"Train Loss": 1852.849524577547, "Val Loss": 836.9573880348887, "Learning Rate": 1.220703125e-08, "_timestamp": 1724079915.5479908, "_runtime": 283.8518228530884, "_step": 99, "_wandb": {"runtime": 283}}