{"Train Loss": 57.98875300089518, "Val Loss": 82.00749969482422, "Learning Rate": 3.90625e-05, "_timestamp": 1730115339.5510006, "_runtime": 164.8845796585083, "_step": 299, "_wandb": {"runtime": 164}}