{"Train Loss": 72.80092847047739, "Val Loss": 94.75085080054498, "Learning Rate": 0.0001, "_timestamp": 1730108447.1414907, "_runtime": 393.43257880210876, "_step": 99, "_wandb": {"runtime": 392}}