{"Train Loss": 0.06836175587688681, "Val Loss": 0.06935764070624202, "_timestamp": 1720350016.0361907, "_runtime": 3909.129514694214, "_step": 399, "_wandb": {"runtime": 3908}}