{"Train Loss": 0.025451519387858022, "Val Loss": 0.026871103071270212, "_timestamp": 1719938963.3628838, "_runtime": 9572.252070903778, "_step": 299, "_wandb": {"runtime": 9571}}