{"Train Loss": 9144.569138663155, "Val Loss": 1616.0347050258092, "Learning Rate": 1e-06, "_timestamp": 1723105175.4009178, "_runtime": 323.17512369155884, "_step": 177, "_wandb": {"runtime": 323}}