{"Train Loss": 0.035541911441259504, "Val Loss": 0.026899829892284358, "_timestamp": 1720269706.3330173, "_runtime": 1351.5667452812195, "_step": 35, "_wandb": {"runtime": 1367}}