{"Train Loss": 530.3164534313221, "Val Loss": 373.4783498367865, "_timestamp": 1720354223.5988696, "_runtime": 1849.41899061203, "_step": 157, "_wandb": {"runtime": 1850}}