{"Train Loss": 180.86424382177375, "Val Loss": 604.2164620984778, "Learning Rate": 3.90625e-06, "_timestamp": 1720702741.4708025, "_runtime": 861.936755657196, "_step": 48, "_wandb": {"runtime": 872}}