{"Train Loss": 9077.736133138384, "Val Loss": 1568.857016835894, "Learning Rate": 1e-05, "_timestamp": 1724050654.2721674, "_runtime": 195.54372644424438, "_step": 29, "_wandb": {"runtime": 195}}