{"Train Loss": 6237.706710204399, "Val Loss": 762.1209748131888, "Learning Rate": 4.8828125e-08, "_timestamp": 1725778298.5786524, "_runtime": 1650.0795044898987, "_step": 99, "_wandb": {"runtime": 1649}}