{"Train Loss": 0.07376642875261043, "Val Loss": 0.33068382355474657, "Learning Rate": 0.005, "_timestamp": 1730030372.5161068, "_runtime": 12.4550199508667, "_step": 1, "_wandb": {"runtime": 11}}