{"Train Loss": 375.4591181871539, "Val Loss": 374.3658570383751, "Learning Rate": 1.220703125e-08, "_timestamp": 1720713035.0599363, "_runtime": 2322.7058181762695, "_step": 299, "_wandb": {"runtime": 2321}}