{"Train Loss": 7642.79428653908, "Val Loss": 1123.1264733554556, "Learning Rate": 1.220703125e-08, "_timestamp": 1725802408.4235773, "_runtime": 618.3742864131927, "_step": 99, "_wandb": {"runtime": 617}}