{"Train Loss": 7896.651493617466, "Val Loss": 957.7112267357962, "Learning Rate": 5e-05, "_timestamp": 1722938162.2335453, "_runtime": 914.7349293231964, "_step": 499, "_wandb": {"runtime": 910}}