{"Train Loss": 7772.558006481811, "Val Loss": 942.1377988202231, "Learning Rate": 3.125e-06, "_timestamp": 1724053812.926263, "_runtime": 1283.2927281856537, "_step": 199, "_wandb": {"runtime": 1282}}