{"Train Loss": 0.026778870043738294, "Val Loss": 0.026532137158656023, "_timestamp": 1720263756.556436, "_runtime": 2032.1411690711975, "_step": 53, "_wandb": {"runtime": 2057}}