{"Train Loss": 88.89549358885492, "Val Loss": 103.68503127559539, "Learning Rate": 0.0001, "_timestamp": 1730107650.4149194, "_runtime": 177.53263235092163, "_step": 99, "_wandb": {"runtime": 176}}