{"Train Loss": 8164.675216674805, "Val Loss": 1015.836698600224, "Learning Rate": 0.0001, "_timestamp": 1723104749.3614323, "_runtime": 894.7375583648682, "_step": 499, "_wandb": {"runtime": 893}}