{"Train Loss": 763.8866701730764, "Val Loss": 771.4870073028973, "Learning Rate": 1.220703125e-08, "_timestamp": 1724057214.732653, "_runtime": 1865.4874889850616, "_step": 199, "_wandb": {"runtime": 1864}}