{"Train Loss": 7651.306192468085, "Val Loss": 1117.6191121834477, "Learning Rate": 1.220703125e-08, "_timestamp": 1725791441.1384022, "_runtime": 1217.0445573329926, "_step": 99, "_wandb": {"runtime": 1216}}