{"Train Loss": 0.02879654341875163, "Val Loss": 0.02911791394195727, "_timestamp": 1720267576.9967632, "_runtime": 3561.9245002269745, "_step": 169, "_wandb": {"runtime": 3580}}