{"Train Loss": 7206.562154428315, "Val Loss": 1314.9621600715482, "Learning Rate": 1.25e-05, "_timestamp": 1725898187.9943268, "_runtime": 253.72833681106567, "_step": 49, "_wandb": {"runtime": 252}}