{"Train Loss": 70.82985723677592, "Val Loss": 92.97965658864668, "Learning Rate": 0.001, "_timestamp": 1730123213.2391052, "_runtime": 76.95072221755981, "_step": 18, "_wandb": {"runtime": 77}}