{"Train Loss": 7650.598597644301, "Val Loss": 1114.7289154675543, "Learning Rate": 1.220703125e-08, "_timestamp": 1725878409.475813, "_runtime": 2100.580101966858, "_step": 99, "_wandb": {"runtime": 2099}}