{"Train Loss": 54.886667569478355, "Val Loss": 80.4593734741211, "Learning Rate": 0.000625, "_timestamp": 1730114908.4823222, "_runtime": 91.54729223251343, "_step": 149, "_wandb": {"runtime": 90}}