{"Train Loss": 6298.110607210866, "Val Loss": 780.5097472156797, "Learning Rate": 1.220703125e-08, "_timestamp": 1724070937.8887568, "_runtime": 883.6458396911621, "_step": 199, "_wandb": {"runtime": 882}}