{"Train Loss": 7570.112642621304, "Val Loss": 899.1714984178543, "Learning Rate": 3.125e-06, "_timestamp": 1725780300.5719182, "_runtime": 656.944253206253, "_step": 47, "_wandb": {"runtime": 659}}