{"Train Loss": 7626.222994896673, "Val Loss": 1143.761609966252, "Learning Rate": 1.953125e-07, "_timestamp": 1725787490.4340775, "_runtime": 1060.0427703857422, "_step": 56, "_wandb": {"runtime": 1065}}