{"Train Loss": 7614.560318723006, "Val Loss": 1044.9176700098985, "Learning Rate": 1.220703125e-08, "_timestamp": 1725886970.6594877, "_runtime": 4267.785058736801, "_step": 99, "_wandb": {"runtime": 4267}}