{"Train Loss": 0.059946179726914545, "Val Loss": 0.25964030827726087, "Learning Rate": 0.005, "_timestamp": 1730030289.8923144, "_runtime": 10.36423945426941, "_step": 1, "_wandb": {"runtime": 9}}