{"Train Loss": 46.700698239120406, "Val Loss": 91.04292321974232, "Learning Rate": 7.8125e-07, "_timestamp": 1730110802.8431587, "_runtime": 2344.346031665802, "_step": 99, "_wandb": {"runtime": 2343}}