{"Train Loss": 0.010640935317131143, "Val Loss": 0.22875558566902915, "Learning Rate": 7.8125e-05, "_timestamp": 1730034439.7132585, "_runtime": 2412.44797039032, "_step": 99, "_wandb": {"runtime": 2411}}