{"Train Loss": 6555.448488975924, "Val Loss": 1188.6398529260337, "Learning Rate": 1.220703125e-08, "_timestamp": 1725910971.1485188, "_runtime": 3550.4619727134705, "_step": 99, "_wandb": {"runtime": 3549}}