{"Train Loss": 8816.068472726005, "Val Loss": 1385.3827694484166, "Learning Rate": 5e-05, "_timestamp": 1722939372.683562, "_runtime": 299.02538299560547, "_step": 253, "_wandb": {"runtime": 299}}