{"Train Loss": 206811.6725227611, "Val Loss": 106526.46485211456, "_timestamp": 1720359755.4903686, "_runtime": 5216.012664556503, "_step": 399, "_wandb": {"runtime": 5215}}