{"Train Loss": 276.2298516863175, "Val Loss": 273.6492919921875, "_timestamp": 1719755567.027908, "_runtime": 5066.520215988159, "_step": 499, "_wandb": {"runtime": 5065}}