{"Train Loss": 0.05922073662168716, "Val Loss": 0.2591069951172798, "Learning Rate": 0.005, "_timestamp": 1730030328.9800844, "_runtime": 6.258748531341553, "_step": 1, "_wandb": {"runtime": 5}}