{"Train Loss": 42.48042869567871, "Val Loss": 72.05228424072266, "Learning Rate": 0.00015625, "_timestamp": 1730115161.8262308, "_runtime": 151.63211464881897, "_step": 299, "_wandb": {"runtime": 151}}