{"Train Loss": 7722.308117010437, "Val Loss": 863.2460237879332, "Learning Rate": 1.220703125e-08, "_timestamp": 1725907405.2893333, "_runtime": 1148.8452813625336, "_step": 99, "_wandb": {"runtime": 1148}}