{"Train Loss": 307.2897362406917, "Val Loss": 312.39217563350826, "Learning Rate": 1.220703125e-08, "_timestamp": 1720709149.7517028, "_runtime": 1750.0838668346405, "_step": 299, "_wandb": {"runtime": 1749}}