{"Train Loss": 6446.624761867842, "Val Loss": 775.1084574205535, "Learning Rate": 7.8125e-07, "_timestamp": 1724073259.9971488, "_runtime": 553.7224388122559, "_step": 99, "_wandb": {"runtime": 552}}