{"Train Loss": 6054.4654138923615, "Val Loss": 778.9902415360723, "Learning Rate": 9.765625e-08, "_timestamp": 1724077972.8961098, "_runtime": 1051.5447719097137, "_step": 99, "_wandb": {"runtime": 1050}}