{"Train Loss": 7654.51858333804, "Val Loss": 1130.5700895348373, "Learning Rate": 1.220703125e-08, "_timestamp": 1725792846.471008, "_runtime": 1208.443843126297, "_step": 99, "_wandb": {"runtime": 1207}}