{"Train Loss": 6372.206495978809, "Val Loss": 764.4239211593356, "Learning Rate": 3.90625e-07, "_timestamp": 1725696814.214108, "_runtime": 1575.440670967102, "_step": 99, "_wandb": {"runtime": 1574}}