{"Train Loss": 6031.060312239294, "Val Loss": 775.9434665058341, "Learning Rate": 9.765625e-08, "_timestamp": 1725702364.126178, "_runtime": 2048.4623761177063, "_step": 99, "_wandb": {"runtime": 2043}}