{"Train Loss": 0.06263536737318415, "Val Loss": 0.02920108498873533, "_timestamp": 1720343141.1207511, "_runtime": 1757.4355442523956, "_step": 299, "_wandb": {"runtime": 1756}}