{"Train Loss": 8556.085000174386, "Val Loss": 1237.1729657309395, "Learning Rate": 5e-05, "_timestamp": 1722940621.13715, "_runtime": 590.0244741439819, "_step": 499, "_wandb": {"runtime": 589}}