{"Train Loss": 5910.865631375084, "Val Loss": 782.6794566682407, "Learning Rate": 1.953125e-07, "_timestamp": 1725616962.1629398, "_runtime": 1539.5983347892761, "_step": 99, "_wandb": {"runtime": 1538}}