{"Train Loss": 7652.534743872315, "Val Loss": 1121.254835271511, "Learning Rate": 1.220703125e-08, "_timestamp": 1725881295.596305, "_runtime": 1727.4018919467926, "_step": 99, "_wandb": {"runtime": 1726}}