{"Train Loss": 7652.516698648455, "Val Loss": 1117.0868976618967, "Learning Rate": 1.220703125e-08, "_timestamp": 1725803281.046827, "_runtime": 859.272931098938, "_step": 99, "_wandb": {"runtime": 858}}