{"Train Loss": 88.61916266973294, "Val Loss": 102.88854512860698, "Learning Rate": 0.0001, "_timestamp": 1730108042.6524343, "_runtime": 182.8743793964386, "_step": 99, "_wandb": {"runtime": 182}}