{"Train Loss": 7200.206664835386, "Val Loss": 1287.6319100516182, "Learning Rate": 4.8828125e-08, "_timestamp": 1725905143.823203, "_runtime": 512.3120532035828, "_step": 99, "_wandb": {"runtime": 511}}