{"Train Loss": 7911.251898946964, "Val Loss": 1435.2556090062978, "Learning Rate": 1.25e-05, "_timestamp": 1725898468.3680503, "_runtime": 266.6619243621826, "_step": 49, "_wandb": {"runtime": 266}}