{"Train Loss": 0.03481655629253926, "Val Loss": 0.03029841018010872, "_timestamp": 1719915360.7441173, "_runtime": 1462.3648731708527, "_step": 39, "_wandb": {"runtime": 1473}}