{"Train Loss": 6368.676590050685, "Val Loss": 924.333949912973, "Learning Rate": 1.220703125e-08, "_timestamp": 1725882689.104962, "_runtime": 253.51004910469055, "_step": 99, "_wandb": {"runtime": 252}}