{"Train Loss": 59.75031598409017, "Val Loss": 84.3883768717448, "Learning Rate": 0.005, "_timestamp": 1730114978.9794176, "_runtime": 59.19696760177612, "_step": 79, "_wandb": {"runtime": 58}}