{"Train Loss": 7653.7494872775305, "Val Loss": 1128.0753740583148, "Learning Rate": 1.220703125e-08, "_timestamp": 1725801771.355167, "_runtime": 1203.9886949062347, "_step": 99, "_wandb": {"runtime": 1203}}