{"Train Loss": 0.06565349347814543, "Val Loss": 0.23412192393574985, "Learning Rate": 0.005, "_timestamp": 1730030436.1698334, "_runtime": 51.56473231315613, "_step": 1, "_wandb": {"runtime": 50}}