{"Train Loss": 6637.909342085824, "Val Loss": 1157.7409180102704, "Learning Rate": 3.90625e-07, "_timestamp": 1725901233.6583571, "_runtime": 1800.8343601226807, "_step": 49, "_wandb": {"runtime": 1800}}