{"Train Loss": 113.74037670270052, "Val Loss": 417.7644339984751, "Learning Rate": 1.953125e-06, "_timestamp": 1720705581.1256554, "_runtime": 2694.758612394333, "_step": 53, "_wandb": {"runtime": 2712}}