{"Train Loss": 277.4333576811055, "Val Loss": 227.51220947342543, "_timestamp": 1719916604.0566468, "_runtime": 948.7537457942963, "_step": 20, "_wandb": {"runtime": 951}}