{"Train Loss": 55.203471183776855, "Val Loss": 79.771240234375, "Learning Rate": 7.8125e-05, "_timestamp": 1730115811.3738601, "_runtime": 249.32365822792053, "_step": 299, "_wandb": {"runtime": 248}}