{"Train Loss": 7773.627140779251, "Val Loss": 942.2854915346418, "Learning Rate": 3.125e-06, "_timestamp": 1724051922.9067647, "_runtime": 1215.97802567482, "_step": 199, "_wandb": {"runtime": 1215}}