{"Train Loss": 5973.480709556344, "Val Loss": 619.6074253004424, "Learning Rate": 1.220703125e-08, "_timestamp": 1725872016.046305, "_runtime": 6464.829290866852, "_step": 99, "_wandb": {"runtime": 6464}}