{"Train Loss": 7610.315421811996, "Val Loss": 1127.7698520942022, "Learning Rate": 7.8125e-08, "_timestamp": 1725875703.7810252, "_runtime": 2615.8309712409973, "_step": 55, "_wandb": {"runtime": 2635}}