{"Train Loss": 7542.4172234285925, "Val Loss": 1395.7527955762382, "Learning Rate": 6.25e-06, "_timestamp": 1725898753.5641625, "_runtime": 269.7879173755646, "_step": 49, "_wandb": {"runtime": 268}}