{"Train Loss": 0.009246170403782148, "Val Loss": 0.22205806328284164, "Learning Rate": 0.0003125, "_timestamp": 1730031249.4993887, "_runtime": 235.70029759407043, "_step": 99, "_wandb": {"runtime": 234}}