{"Train Loss": 60.42934195200602, "Val Loss": 83.62481689453125, "Learning Rate": 4.8828125e-06, "_timestamp": 1730115551.8541927, "_runtime": 201.24430871009827, "_step": 299, "_wandb": {"runtime": 200}}