{"Train Loss": 423.70631391877316, "Val Loss": 422.8477840832886, "Learning Rate": 1e-05, "_timestamp": 1720706345.7129085, "_runtime": 620.5581924915314, "_step": 99, "_wandb": {"runtime": 619}}