{"Train Loss": 7646.918630563908, "Val Loss": 1127.4603344145276, "Learning Rate": 1.220703125e-08, "_timestamp": 1725800385.84344, "_runtime": 3261.1737179756165, "_step": 99, "_wandb": {"runtime": 3260}}